route,total_flights,on_time_pct,avg_delay,total_delay_minutes
ORD → LGA,22513,73.37,23.31,509805.0
LGA → ORD,22518,74.97,23.09,505798.0
LAX → SFO,23464,70.3,18.62,432832.0
ATL → MCO,17078,70.47,22.46,377164.0
SFO → LAX,23450,76.87,15.78,366878.0
MCO → ATL,17107,73.86,21.6,364187.0
IAH → DFW,13574,72.33,27.32,358690.0
DCA → BOS,18789,76.68,19.45,356194.0
LAX → JFK,20180,81.77,17.39,346622.0
MCO → EWR,13150,72.64,25.71,328177.0
LAX → LAS,20362,76.37,16.24,327672.0
BOS → DCA,18789,77.7,17.62,322362.0
DFW → IAH,13568,71.22,24.6,322105.0
ORD → EWR,12098,69.89,26.58,313137.0
ATL → EWR,12156,69.7,26.37,311581.0
ORD → DFW,13236,72.4,24.06,310808.0
ORD → BOS,14227,72.83,21.98,307815.0
MIA → ATL,12941,71.48,24.01,306026.0
DEN → PHX,18602,75.52,16.62,305766.0
ATL → DFW,13166,71.41,23.66,303392.0
JFK → LAX,20183,81.14,15.14,303015.0
LGA → DFW,13435,73.68,23.34,302590.0
LAX → DFW,13599,76.4,22.46,299484.0
FLL → ATL,14251,72.54,21.27,298191.0
ORD → DCA,12912,72.33,23.44,294818.0
LAS → LAX,20339,78.15,14.51,292586.0
DFW → ORD,13255,72.12,22.49,291566.0
ATL → MIA,12944,71.71,22.75,289911.0
DFW → DEN,12377,70.48,24.0,289620.0
SAN → SFO,13499,66.1,21.64,287467.0
ATL → LGA,15857,76.0,18.37,284816.0
LGA → ATL,15851,78.24,18.12,281366.0
EWR → ATL,12157,73.14,23.73,281166.0
CLT → LGA,12014,70.76,24.14,280784.0
DEN → DFW,12381,73.6,22.97,277659.0
PHX → DEN,18710,78.64,14.96,276457.0
DFW → LGA,13438,72.8,21.31,276239.0
AUS → DFW,9731,74.6,29.24,276173.0
ATL → FLL,14253,72.46,19.49,273546.0
DFW → ATL,13161,74.27,21.08,271286.0
DFW → LAS,11772,68.81,23.37,268968.0
DFW → LAX,13598,72.07,20.06,268732.0
LGA → MIA,11748,73.88,23.43,268179.0
BOS → ORD,14222,76.97,19.12,267268.0
DEN → LAS,15425,73.78,17.42,266306.0
DEN → ORD,12732,73.67,21.16,265790.0
ATL → DCA,13740,73.31,19.83,265553.0
ORD → MSP,12378,72.4,21.7,265136.0
LAS → SAN,14167,69.41,18.94,264984.0
EWR → ORD,12094,72.13,22.44,264492.0
SLC → DEN,15845,76.73,16.59,260578.0
EWR → MCO,13142,75.71,20.33,259706.0
DFW → MCO,9786,65.61,27.08,257857.0
SAN → LAS,14109,74.01,18.41,255804.0
DEN → SLC,15860,76.36,16.18,254852.0
MIA → LGA,11726,71.37,22.25,252835.0
PHL → MCO,11006,72.41,23.27,250683.0
LAS → DEN,15467,76.84,16.4,250588.0
MCO → PHL,10998,73.05,23.16,250003.0
LAS → SFO,12123,67.04,20.82,249216.0
SEA → SFO,13618,70.35,18.44,248247.0
MIA → JFK,10505,72.11,24.09,247802.0
ATL → TPA,12863,72.82,19.58,247087.0
ORD → LAX,13738,76.72,18.16,246149.0
MSP → ORD,12377,74.71,20.04,244590.0
DFW → SAT,9051,66.27,27.75,243517.0
LAS → DFW,11772,78.24,21.26,243416.0
LGA → BOS,14802,78.89,16.94,243222.0
SFO → SAN,13475,70.87,18.17,240959.0
DCA → ORD,12919,78.77,19.02,240307.0
ORD → ATL,11858,75.7,20.56,239494.0
ATL → ORD,11857,74.94,20.54,239167.0
MCO → DFW,9779,71.35,25.06,238504.0
DFW → PHX,10332,69.77,23.36,236912.0
ORD → DEN,12756,76.64,18.73,235351.0
DFW → MIA,9829,68.66,24.42,234788.0
FLL → EWR,10087,72.66,23.72,232736.0
DCA → ATL,13741,79.66,17.27,231664.0
ORD → MKE,8792,70.56,26.91,231459.0
DEN → SFO,11084,68.14,21.03,231043.0
ORD → PHL,9082,71.5,25.88,231010.0
MCO → DCA,9675,72.44,24.36,230358.0
LGA → CLT,12010,79.34,19.7,229632.0
ATL → PHL,11460,73.83,20.36,229456.0
MIA → DFW,9818,70.49,23.78,227841.0
DEN → LAX,15579,78.87,14.68,226706.0
EWR → LAX,10784,74.43,21.46,226580.0
LGA → MCO,10217,73.07,22.75,226319.0
TPA → ATL,12827,77.2,17.9,225237.0
DFW → AUS,9736,69.82,23.79,225128.0
MCO → ORD,10791,74.97,21.19,224677.0
CLT → MCO,10247,71.31,22.31,224506.0
JFK → BOS,11141,74.95,20.61,223568.0
LAX → ORD,13730,80.96,16.54,223312.0
SFO → LAS,12126,73.4,18.57,222387.0
JFK → SFO,13159,77.46,17.04,221639.0
DTW → ORD,11661,77.93,19.34,221630.0
IAH → ORD,11149,76.39,20.2,221338.0
SAT → DFW,9049,73.81,24.99,218850.0
ORD → DTW,11670,77.2,19.04,218507.0
DEN → SEA,13122,73.86,16.74,217707.0
MCO → JFK,9580,73.66,23.02,215875.0
SFO → JFK,13161,81.01,16.56,214537.0
JFK → MIA,10507,74.74,20.82,213895.0
BOS → LGA,14803,81.66,14.93,213857.0
SJU → MCO,12484,79.25,17.01,209733.0
MCO → LGA,10215,74.0,20.96,208360.0
EWR → FLL,10095,74.42,21.2,208122.0
RDU → LGA,8582,73.75,25.17,208025.0
DFW → SFO,8115,64.83,26.05,207575.0
BOS → MCO,9529,71.82,22.28,207533.0
MKE → ORD,8791,73.9,23.94,206104.0
ORD → SFO,10320,72.08,20.17,205250.0
ORD → PHX,11514,78.4,17.87,203180.0
CLT → EWR,7570,68.18,27.69,202758.0
DFW → SEA,10298,70.28,20.07,202590.0
JFK → MCO,9583,72.1,21.61,202575.0
EWR → SFO,8420,72.2,24.59,202545.0
MCO → SJU,12490,76.69,16.31,201796.0
BNA → ORD,9629,76.53,21.3,201323.0
SFO → SEA,13617,75.02,14.92,200375.0
MIA → EWR,8264,71.24,24.72,198298.0
ATL → BWI,11769,75.46,17.12,198158.0
PHL → ATL,11454,77.57,17.53,197254.0
DFW → BOS,7945,69.14,25.16,196038.0
PHX → LAS,13425,77.93,14.72,195969.0
PHL → ORD,9081,76.33,21.94,195376.0
ORD → MCO,10811,76.95,18.34,194750.0
LAX → DEN,15515,82.43,12.68,194500.0
DCA → MCO,9674,76.7,20.54,194314.0
SEA → ANC,14470,73.65,13.57,194306.0
SAN → PHX,11476,77.46,17.18,194193.0
BOS → PHL,10388,78.48,19.02,193851.0
PHL → BOS,10383,75.74,19.02,193763.0
DEN → COS,10493,75.4,18.74,193390.0
LAS → PHX,13428,79.54,14.53,193324.0
MCO → BOS,9528,74.09,20.58,192568.0
ORD → IAH,11155,75.97,17.52,192066.0
SEA → DEN,13128,77.23,14.83,192024.0
LGA → FLL,8823,73.31,22.28,191412.0
BNA → DFW,7079,72.05,27.83,190046.0
BWI → MCO,10284,75.83,18.9,190034.0
LAX → PHX,14804,81.28,12.91,189868.0
ORD → BNA,9651,75.01,19.94,189222.0
IAH → ATL,10216,76.83,18.85,188950.0
PBI → EWR,6929,71.95,28.03,188299.0
ATL → IAH,10206,75.36,18.71,186863.0
SEA → DFW,10301,75.11,18.57,186814.0
PHX → SFO,9617,71.09,19.57,186700.0
ATL → DEN,11648,76.0,16.19,186137.0
MCO → CLT,10246,77.38,18.48,185960.0
ORD → STL,8798,76.23,21.41,185208.0
LGA → IAH,8862,77.78,21.38,184189.0
STL → ORD,8792,77.19,21.24,183892.0
DEN → MSP,12173,76.9,15.2,183674.0
DFW → SLC,7860,70.89,23.72,183093.0
DFW → EWR,7011,70.63,26.76,181474.0
MIA → MCO,7675,71.43,23.99,181036.0
COS → DEN,10493,78.39,17.51,180718.0
ORD → CLT,8755,76.3,20.87,180310.0
EWR → BOS,8091,71.9,23.04,180071.0
SEA → PHX,14616,79.2,12.41,179870.0
BOS → JFK,11110,77.96,16.6,179524.0
SFO → PHX,9613,76.31,18.81,179327.0
BWI → ATL,11686,78.78,15.59,179165.0
ORD → SEA,10396,74.21,17.39,178615.0
SFO → DFW,8120,74.66,22.49,178297.0
DFW → BNA,7077,66.94,26.01,178242.0
SFO → DEN,11079,76.35,16.13,176908.0
LAX → EWR,10785,80.07,16.81,176848.0
CLT → ORD,8762,73.67,20.47,176704.0
SFO → EWR,8420,75.09,21.48,176695.0
IAH → LGA,8858,75.04,20.46,175977.0
MSP → DEN,12169,78.77,14.58,175688.0
DCA → LGA,8972,74.51,20.37,175466.0
LAS → ORD,10599,79.44,16.77,174930.0
CLT → PHL,7630,70.95,23.4,174872.0
MIA → BOS,7511,70.28,23.67,174672.0
CLT → BOS,9478,73.94,18.68,174271.0
LGA → DEN,9179,76.31,19.43,174268.0
GRR → ORD,7828,74.45,22.55,173317.0
DEN → ATL,11659,77.96,15.01,173148.0
LAX → ATL,10599,77.64,16.4,171876.0
SNA → SFO,9215,72.04,18.98,171832.0
ATL → LAX,10621,76.49,16.3,171249.0
PHX → DFW,10330,79.43,16.91,171175.0
ORD → LAS,10590,77.46,16.31,170542.0
DEN → SAN,11071,74.55,15.62,170475.0
PHX → SAN,11481,76.52,14.99,170148.0
SLC → DFW,7857,75.99,22.16,170129.0
BOS → LAX,9211,79.12,18.54,169876.0
MSY → DFW,5949,70.29,29.52,169823.0
DFW → CLT,8130,71.67,21.25,169585.0
FLL → LGA,8820,73.84,19.65,169198.0
ATL → BOS,10019,75.84,17.08,169163.0
SEA → LAS,12562,76.8,13.56,168709.0
CMH → ORD,8507,76.82,20.03,168441.0
EWR → MIA,8268,74.74,20.91,168116.0
DFW → SAN,6962,65.49,24.84,168072.0
PHX → ORD,11505,80.23,14.81,167727.0
CLT → ATL,10248,78.89,16.59,167659.0
ATL → JFK,7839,74.72,21.71,167576.0
FLL → JFK,7766,74.1,22.08,167075.0
SAN → DEN,11116,77.24,15.25,167053.0
LAS → SEA,12565,79.08,13.39,166564.0
ORD → CLE,8519,74.78,19.9,166222.0
SEA → ORD,10390,76.06,16.24,166191.0
CVG → ORD,7951,75.93,21.24,165876.0
DEN → LGA,9179,74.17,18.43,165177.0
SAN → DFW,6957,75.04,24.42,164966.0
DCA → EWR,6386,74.75,27.36,164515.0
PHX → SEA,14607,81.36,11.33,164264.0
EWR → CLT,7573,76.52,22.2,163712.0
PHL → CLT,7630,76.81,21.86,163664.0
IAH → EWR,7494,73.18,22.31,163057.0
JFK → SJU,7713,71.65,21.37,162836.0
DEN → MCO,9399,76.26,17.59,162440.0
IAH → MIA,7116,74.56,23.39,162372.0
MIA → IAH,7122,72.62,23.3,162192.0
DEN → IAH,9612,75.45,17.07,161987.0
BNA → CLT,7448,73.52,22.09,161696.0
BOS → DFW,7948,75.72,20.84,161429.0
ATL → CLT,10263,79.65,15.94,161326.0
MIA → ORD,8672,74.77,18.84,160768.0
MSN → ORD,7546,74.91,21.59,159594.0
BOS → EWR,8090,75.76,20.44,159157.0
DCA → MIA,7959,76.56,20.45,158789.0
DEN → BOS,7724,71.28,20.75,158732.0
SFO → ORD,10321,79.49,15.59,158394.0
SEA → LAX,14858,82.84,10.75,158196.0
IAH → DEN,9593,77.86,16.72,157944.0
ATW → ORD,6166,72.1,26.21,157822.0
ATL → LAS,9889,75.29,16.09,157391.0
XNA → DFW,6790,75.49,23.68,157085.0
BOS → ATL,10018,78.6,15.87,156852.0
PHX → LAX,14787,83.3,10.59,155918.0
JFK → ATL,7850,75.17,20.12,155655.0
LAX → HNL,10940,80.53,14.32,155402.0
TVC → ORD,5822,72.06,27.3,155326.0
JFK → FLL,7772,72.88,20.49,155024.0
CLT → JFK,6945,72.86,22.92,154967.0
BOS → FLL,6655,69.9,23.76,154945.0
MCO → DEN,9334,76.68,16.76,153729.0
DFW → PHL,6845,70.44,23.02,153525.0
CLT → DFW,8135,73.33,19.31,153507.0
CLE → ORD,8513,79.69,18.38,153177.0
BNA → LGA,8830,78.69,17.89,153166.0
CLT → DCA,6345,67.65,24.6,153053.0
MCO → BWI,10258,77.42,15.2,152765.0
ORD → MSN,7546,74.19,20.63,152746.0
PHL → DFW,6856,74.89,22.91,152368.0
MCO → MIA,7672,78.0,20.01,150995.0
SMF → SAN,10676,75.91,14.29,150782.0
ORD → GRR,7833,74.9,19.47,149845.0
FLL → BOS,6634,70.65,22.92,149486.0
ORD → ATW,6167,71.71,24.8,149399.0
IAH → MCO,7281,76.43,20.85,148768.0
IAH → LAX,10839,81.62,13.83,147758.0
DEN → AUS,9549,75.73,15.59,147602.0
LGA → RDU,8583,78.22,17.77,147363.0
CLT → MIA,7436,73.98,20.09,147038.0
MCO → DTW,7631,75.66,19.47,146836.0
DTW → DFW,7525,74.72,19.9,146501.0
ATL → DTW,9897,78.08,14.91,146259.0
DEN → EWR,6313,72.82,23.75,146199.0
SEA → GEG,13324,80.3,11.02,145873.0
ANC → SEA,14464,84.4,10.18,145518.0
ORD → JFK,5607,72.15,26.76,145512.0
DCA → CLT,6340,76.44,23.39,145279.0
TUL → DFW,6169,76.68,24.33,145209.0
DFW → DTW,7519,75.45,19.63,145138.0
DTW → EWR,6875,76.28,21.78,145124.0
SAN → SJC,11208,77.88,13.06,145084.0
SEA → PDX,14355,80.82,10.18,145080.0
TPA → DFW,5833,72.47,25.76,144963.0
LAX → SEA,14860,84.6,9.86,144895.0
SJC → SAN,11286,76.65,12.98,144780.0
ORD → CMH,8504,76.41,17.22,144543.0
BOS → CLT,9482,81.09,15.5,144418.0
DFW → MSY,5941,66.02,25.09,144210.0
DTW → ATL,9895,80.41,14.7,143885.0
MIA → DCA,7963,73.77,18.52,143654.0
BOS → SFO,9021,76.01,16.06,143395.0
HNL → LAX,10933,83.92,13.19,143042.0
EWR → DFW,7014,76.93,20.97,142411.0
EWR → DTW,6875,77.47,21.37,142273.0
RDU → JFK,7783,77.85,18.85,141826.0
SAN → SMF,10683,76.34,13.36,141428.0
EWR → IAH,7488,75.82,19.24,141012.0
SFO → BOS,9018,78.77,15.73,140543.0
MCO → IAH,7283,77.58,19.65,140192.0
ORD → MIA,8680,77.17,16.39,140079.0
SLC → PHX,11616,83.65,12.11,139805.0
ORD → MCI,7507,74.84,18.94,139802.0
FLL → CLT,6832,77.41,20.78,139744.0
EWR → DCA,6385,74.44,23.07,139442.0
DTW → MCO,7634,77.36,18.49,139206.0
DFW → ELP,5797,68.36,24.59,139047.0
ORD → DAY,5405,73.85,26.14,138689.0
ORD → TVC,5825,71.96,24.26,138378.0
DCA → DFW,6713,77.74,21.28,138236.0
BNA → DCA,8402,77.3,16.99,138229.0
FLL → ORD,6000,73.18,23.37,137750.0
CID → ORD,5683,73.29,24.93,137699.0
MIA → CLT,7445,76.17,18.73,137518.0
LIT → DFW,5803,71.09,24.42,137443.0
LGA → DTW,8142,79.97,17.27,137339.0
PDX → SEA,14355,84.44,9.65,137296.0
RDU → EWR,5288,71.48,26.81,137066.0
BWI → BOS,7948,75.4,17.54,137036.0
LGA → BNA,8821,78.86,16.03,136988.0
ASE → DEN,5593,71.39,25.87,136708.0
DEN → ASE,5589,72.74,26.12,136542.0
MIA → LAX,6718,74.12,20.43,136390.0
ATL → IAD,7464,77.95,18.52,136274.0
ORD → IND,9060,79.78,15.3,136138.0
FLL → DFW,5803,71.19,24.19,135927.0
CLT → TPA,7434,73.02,18.69,135843.0
LGA → DCA,8974,78.35,15.65,135211.0
CLT → RDU,7023,73.34,19.53,135063.0
MCI → ORD,7507,79.6,18.32,134997.0
OKC → DFW,6536,75.95,21.28,134931.0
ATL → MSY,8959,76.96,15.24,134375.0
MIA → TPA,5704,70.73,24.0,134182.0
IAD → ATL,7461,79.6,18.26,134076.0
TPA → EWR,5724,74.03,24.21,134051.0
LAX → BOS,9216,81.31,14.61,133842.0
ORD → CVG,7945,76.0,17.1,133748.0
AUS → DEN,9555,79.83,14.11,133538.0
PHL → MIA,6272,76.19,21.69,133375.0
CLT → BNA,7446,73.55,18.2,133314.0
DEN → PDX,8982,75.05,14.98,133205.0
DFW → TPA,5835,68.56,23.51,132902.0
LGA → PBI,5929,71.18,22.95,132808.0
BUR → SFO,6453,70.4,20.94,132787.0
RDU → PHL,5100,73.01,26.65,132783.0
GRB → ORD,6106,74.6,22.15,132624.0
TPA → CLT,7430,78.52,18.22,132414.0
OGG → HNL,22350,88.62,5.97,131994.0
PDX → SFO,7928,73.46,16.84,131868.0
DFW → OKC,6538,72.63,20.76,131683.0
SLC → LAS,8191,76.06,16.12,131186.0
LAS → ATL,9916,82.25,13.39,131022.0
MIA → PHL,6270,74.78,21.29,130993.0
SJU → JFK,7718,80.37,17.19,130942.0
FLL → PHL,5381,75.07,24.82,130917.0
DFW → MSP,6475,74.97,20.55,130640.0
ATL → PHX,7455,76.26,17.65,130349.0
SAN → SEA,9211,79.4,14.32,129850.0
MCI → DFW,5149,73.23,25.97,129636.0
RDU → DCA,5678,68.67,23.65,129575.0
SMF → LAS,10711,81.22,12.19,129572.0
ORD → CID,5686,72.0,23.37,129281.0
IAH → LAS,7815,78.49,16.74,129152.0
LAS → SMF,10663,80.23,12.19,129065.0
BNA → PHL,5918,74.06,22.23,129041.0
DCA → BNA,8404,78.77,15.77,129027.0
SLC → SFO,6957,72.74,18.69,129004.0
MCI → DEN,8443,77.18,15.46,128930.0
CLT → FLL,6829,72.81,19.18,128795.0
ATL → JAX,8572,74.93,15.21,128703.0
ATL → AUS,8830,75.25,14.73,128627.0
RDU → CLT,7023,77.74,18.59,128553.0
GEG → SEA,13323,83.57,9.7,128275.0
ORD → GRB,6109,73.42,21.4,128163.0
ATL → PBI,8049,74.28,16.12,128112.0
AUS → LAX,8043,79.32,15.97,127551.0
CLT → BWI,6457,71.93,20.08,127451.0
EWR → PBI,6934,74.93,18.89,127368.0
IND → ORD,9068,82.29,14.27,127151.0
LAS → JFK,7284,79.82,17.81,127135.0
DEN → MCI,8479,76.58,15.13,126949.0
ORD → SAN,6242,74.53,20.65,126884.0
BWI → CLT,6458,76.04,19.92,126535.0
TPA → LGA,5180,73.34,25.06,126249.0
STL → DEN,7523,76.81,16.91,125806.0
DTW → LGA,8144,79.61,15.81,125726.0
DFW → MCI,5148,68.37,25.16,125671.0
DFW → TUL,6169,72.75,20.93,125136.0
SJU → MIA,5555,75.91,22.7,124925.0
DFW → DCA,6709,73.7,19.19,124779.0
BOS → MIA,7512,78.27,16.87,124610.0
LGA → TPA,5181,71.74,24.71,124587.0
MEM → DFW,5042,72.02,25.41,124430.0
AUS → PHX,6833,80.39,18.19,123290.0
ORD → SLC,6048,74.86,20.6,123174.0
DFW → MFE,5203,69.9,24.26,122944.0
DEN → SMF,8013,74.95,15.39,122581.0
MSP → DFW,6480,76.88,19.32,122480.0
IAH → PHX,6530,77.44,19.03,122385.0
JFK → RDU,7783,77.88,16.23,121954.0
ICT → DFW,5365,75.14,23.61,121860.0
DEN → PHL,6021,73.31,20.44,121479.0
IAH → CLT,5941,77.68,20.9,121472.0
DFW → FLL,5801,70.83,21.52,121438.0
DAY → ORD,5398,76.95,22.89,121281.0
DAL → HOU,8214,76.29,15.14,121250.0
MFE → DFW,5203,76.53,23.95,121112.0
CLT → IAH,5947,74.47,20.78,120775.0
ATL → RDU,9363,80.52,12.98,120341.0
ELP → DFW,5798,76.96,21.25,119791.0
TPA → ORD,6322,77.92,19.37,119762.0
HNL → OGG,22340,89.52,5.4,119450.0
PHL → DTW,6394,80.45,19.0,119152.0
PBI → LGA,5925,74.94,20.69,119027.0
PHX → SLC,11599,84.7,10.24,118251.0
JFK → ORD,5607,76.64,21.78,118213.0
ATL → SFO,6434,71.88,18.53,118071.0
BWI → FLL,7173,75.82,16.75,118047.0
LAS → OAK,8548,76.58,13.85,117885.0
DFW → ICT,5365,73.75,22.78,117851.0
CLT → GSP,6463,77.38,18.47,117796.0
TPA → PHL,5235,74.93,23.02,117724.0
LAX → IAH,10832,84.9,11.01,117196.0
MSY → ATL,8963,81.64,13.26,116926.0
SFO → SLC,6951,78.61,16.91,116845.0
SLC → ORD,6050,79.05,19.61,116842.0
SNA → PHX,8808,83.15,13.37,116832.0
DAL → ATL,7040,79.22,16.82,116600.0
JFK → CLT,6943,80.07,17.22,116577.0
LAX → AUS,8043,80.52,14.58,116356.0
BOI → SEA,11139,81.73,10.45,115903.0
ORD → PIT,6720,78.29,17.47,115809.0
CLT → DTW,7665,80.04,15.23,115587.0
IAH → SFO,6597,76.06,17.73,115507.0
RDU → ORD,6447,79.25,18.21,115489.0
DTW → PHL,6397,79.29,18.38,115348.0
AUS → ATL,8831,81.72,13.21,115171.0
BOS → BWI,7896,80.14,14.83,115096.0
PHL → FLL,5379,74.38,21.81,115008.0
LGA → STL,7525,80.42,15.74,114704.0
CLT → DEN,5847,71.98,19.85,114702.0
BUR → LAS,8862,80.1,13.09,114177.0
SGF → DFW,6121,75.56,19.04,114079.0
EWR → DEN,6321,75.86,18.43,113890.0
RDU → ATL,9364,84.83,12.3,113853.0
DEN → BNA,7788,76.17,14.75,113633.0
DSM → ORD,5640,77.78,20.6,113587.0
PHL → TPA,5231,73.36,22.21,113530.0
FLL → BWI,7169,75.84,16.12,113447.0
ORD → RDU,6448,77.05,17.81,113439.0
ORD → AUS,6059,73.97,18.84,112815.0
ORD → FLL,6004,76.53,19.07,112531.0
BNA → DEN,7778,78.86,14.61,112429.0
PHL → BNA,5913,75.89,19.41,112426.0
BOS → TPA,5616,73.69,20.46,112124.0
OMA → DEN,6581,76.81,17.26,112032.0
DFW → XNA,6793,77.03,16.9,112032.0
DTW → CLT,7666,83.56,14.71,111638.0
GSP → CLT,6462,78.07,17.48,111494.0
DEN → MIA,5061,70.74,22.28,111492.0
EWR → RDU,5291,73.75,21.57,111017.0
ORD → TPA,6302,76.9,17.91,110714.0
BNA → BOS,5682,75.1,19.68,110260.0
STL → LGA,7518,80.75,15.14,110198.0
SFO → SNA,9189,80.31,12.17,110160.0
TPA → BOS,5613,75.39,20.08,110092.0
DCA → RDU,5683,74.89,20.06,110004.0
TPA → MIA,5700,80.01,19.73,109969.0
SEA → HNL,5904,71.61,19.01,109892.0
AUS → ORD,6059,78.22,18.36,109847.0
MIA → DEN,5062,74.52,22.0,109816.0
DTW → DCA,5538,75.11,20.34,109722.0
DFW → LIT,5806,75.43,19.44,109630.0
DFW → MEM,5040,69.81,22.35,109487.0
PHL → DEN,6006,77.48,18.47,109281.0
DEN → TPA,6389,73.98,17.36,109133.0
SEA → SAN,9204,77.59,12.03,108994.0
CLT → SAV,5819,76.07,19.05,108883.0
SJC → LAS,8883,80.88,12.31,108660.0
CLT → RIC,5378,73.69,20.49,108536.0
ATL → MDW,7383,79.27,14.85,107871.0
TYS → CLT,5410,78.16,20.22,107695.0
ORD → DSM,5644,75.54,19.5,107623.0
LAX → MIA,6720,78.28,16.12,107466.0
MCO → RDU,5339,76.18,20.41,107383.0
SNA → DFW,5726,80.42,19.28,106904.0
LAS → BUR,8821,80.29,12.33,106898.0
DEN → OKC,6285,75.57,17.12,106694.0
CLT → ORF,5315,74.02,20.36,106610.0
DEN → STL,7511,77.25,14.24,106068.0
RDU → BOS,5913,80.04,18.13,105960.0
DEN → OMA,6554,75.4,16.34,105885.0
PHX → JFK,5417,78.7,19.88,105862.0
DEN → IAD,6806,77.9,15.73,105623.0
LAS → EWR,6169,78.47,17.51,105552.0
OKC → DEN,6300,76.74,16.88,105342.0
BOS → DEN,7769,78.57,13.7,105171.0
PHL → RDU,5099,74.72,21.07,105131.0
EWR → TPA,5720,75.84,18.97,105074.0
EWR → LAS,6168,78.07,17.27,104795.0
MCO → LAX,6119,78.97,17.28,104729.0
LIH → HNL,16722,88.01,6.33,104657.0
PIT → LGA,6554,82.15,16.49,104641.0
PDX → PHX,8064,81.74,13.08,104525.0
CLE → LGA,5884,79.71,18.47,104477.0
JAX → ATL,8572,84.22,12.35,104412.0
SNA → LAS,8149,81.07,12.93,104408.0
LBB → DFW,5371,78.88,19.91,104093.0
JFK → BUF,5585,75.44,19.34,103804.0
DEN → DAL,6337,72.69,16.6,103273.0
PDX → DEN,8950,81.73,11.66,103060.0
SFO → PDX,7923,79.2,13.14,102979.0
MIA → SJU,5553,75.76,18.7,102926.0
CLT → ILM,5736,76.12,18.2,102911.0
HOU → DAL,8221,80.66,12.84,102838.0
MDW → ATL,7342,81.5,14.21,102629.0
RIC → CLT,5378,79.51,19.38,102536.0
LGA → PIT,6549,81.17,16.08,102339.0
RDU → MCO,5335,78.42,19.53,102326.0
IAH → AUS,5744,75.77,18.01,101787.0
SEA → BOI,11139,83.6,9.16,101717.0
HNL → LIH,16720,88.51,6.12,101185.0
DAL → DEN,6325,73.73,16.26,101094.0
DTW → BOS,5561,76.59,18.34,100746.0
ROA → CLT,5249,76.36,19.43,100611.0
OMA → ORD,5279,78.57,19.44,100604.0
SAN → ORD,6242,81.47,16.39,100540.0
OAK → LAS,8560,80.58,11.8,100388.0
TPA → DEN,6389,78.41,15.99,100227.0
BWI → TPA,6066,77.28,16.9,100142.0
ORD → OMA,5276,73.52,19.31,100120.0
DCA → DTW,5538,78.39,18.53,99926.0
AUS → LAS,6279,76.43,15.99,99835.0
CHS → CLT,5562,81.23,18.25,99753.0
PIT → ORD,6723,82.46,15.04,99732.0
RSW → ORD,5616,79.08,18.12,99671.0
BOS → RDU,5912,78.25,17.07,99648.0
LAS → IAH,7832,82.27,12.92,99564.0
CLT → CHS,5559,75.88,18.17,99268.0
SEA → SMF,9207,80.02,10.83,99249.0
ORF → CLT,5315,80.76,18.98,99248.0
KOA → HNL,15538,88.3,6.45,99152.0
DFW → LBB,5374,76.87,18.95,99124.0
LAS → AUS,6287,76.03,15.8,98612.0
PHX → IAH,6532,82.85,15.38,98533.0
PHX → SNA,8808,81.88,11.24,98359.0
BUF → JFK,5584,79.47,18.35,98319.0
PHX → PDX,8038,80.99,12.28,97986.0
IAD → CLT,5891,80.36,16.91,97849.0
LAS → SLC,8211,82.37,12.0,97825.0
SDF → ORD,5868,79.46,16.96,97757.0
PBI → ATL,8048,83.17,12.28,97511.0
ILM → CLT,5739,82.36,17.26,97420.0
PHX → EWR,5216,74.85,19.0,96991.0
IAH → MSY,6404,79.91,15.44,96822.0
RNO → LAS,8103,81.45,12.09,96769.0
IAD → DEN,6809,80.77,14.41,96725.0
MAF → DFW,6075,79.41,16.29,96613.0
CLT → LAX,5502,75.27,17.75,96586.0
LAS → RNO,8082,79.68,12.08,96520.0
IAH → FLL,5349,77.48,18.36,96514.0
ORD → SDF,5867,78.46,16.73,96462.0
RAP → DEN,5127,78.16,19.15,96166.0
MSP → PHX,6663,81.38,14.48,95919.0
LAS → SJC,8894,81.8,10.84,95909.0
PHX → ATL,7453,83.47,12.98,95861.0
LAX → SMF,10798,86.62,8.89,95637.0
PVD → DCA,5090,78.29,19.45,95524.0
CLT → MYR,5189,74.9,18.72,95299.0
MCO → BNA,6196,76.54,15.61,95218.0
JFK → LAS,7278,80.74,13.19,94908.0
GSO → CLT,5959,80.3,16.19,94892.0
SEA → SJC,9133,81.08,10.45,94599.0
DEN → CLT,5844,77.95,16.28,94219.0
CLT → IAD,5884,80.82,16.29,94039.0
HOU → ATL,6246,81.86,15.22,93839.0
LGA → CLE,5883,79.28,16.54,93737.0
BOS → BNA,5679,76.52,16.77,93670.0
HNL → KOA,15534,88.76,6.08,93493.0
MSP → ATL,7236,82.22,13.0,93438.0
SEA → JFK,5820,73.58,16.4,93434.0
EWR → PHX,5216,78.15,18.16,93329.0
LAS → PDX,7367,79.04,12.77,93211.0
SMF → LAX,10815,87.29,8.58,92540.0
SMF → PHX,7364,84.28,12.59,92242.0
BWI → DEN,6217,76.76,15.02,92152.0
ATL → DAL,7021,79.55,13.32,92121.0
IAH → OKC,5089,78.05,18.47,92054.0
SLC → SEA,8141,79.56,11.41,92021.0
SAV → CLT,5812,83.21,16.1,91937.0
MCO → DAL,5325,72.24,17.61,91850.0
ATL → RSW,6228,77.51,15.01,91825.0
PHX → AUS,6807,78.83,13.56,91675.0
ATL → CLE,6348,78.68,14.59,91568.0
CLT → ROA,5250,76.53,17.77,91446.0
IAH → SAT,5806,77.8,16.09,91417.0
ONT → LAS,5341,78.02,17.19,90992.0
CLT → PHX,5969,76.67,15.35,90909.0
DEN → MKE,5106,73.93,17.96,90875.0
SMF → SEA,9201,81.7,9.94,90868.0
OAK → SAN,6699,76.28,13.77,90852.0
FLL → IAH,5352,77.54,17.25,90789.0
SJC → LAX,11440,86.85,7.96,90780.0
DAL → MCO,5305,73.46,17.46,90765.0
DEN → MDW,5881,74.79,15.71,90676.0
ATL → MSP,7248,80.85,12.58,90641.0
ATL → BNA,7783,81.74,11.71,90122.0
JFK → SEA,5821,76.11,15.74,89886.0
AUS → IAH,5738,78.56,15.97,89846.0
MYR → CLT,5190,81.08,17.62,89599.0
DEN → RAP,5129,77.01,17.76,89440.0
SEA → ATL,6791,80.38,13.32,89339.0
LAX → MCO,6121,79.7,14.73,89040.0
BZN → DEN,5550,78.26,16.24,88970.0
MCO → AUS,5328,74.75,16.83,88740.0
DEN → DTW,5993,77.55,14.91,88713.0
DEN → ONT,5723,74.55,15.6,88704.0
SJC → SEA,9153,83.52,9.8,88668.0
BWI → ORD,5302,79.65,16.96,88430.0
MSY → IAH,6400,83.47,14.15,88416.0
LAS → SNA,8146,81.53,10.94,88392.0
MCO → MDW,5723,75.47,15.78,88298.0
MDW → DEN,5931,78.16,15.08,87988.0
AUS → MCO,5333,76.51,16.72,87929.0
LAX → SJC,11439,87.13,7.71,87891.0
DEN → SJC,6070,77.09,14.55,87865.0
CLT → TYS,5405,76.36,16.48,87822.0
JFK → PHX,5417,80.07,16.42,87587.0
SFO → ATL,6428,81.14,13.75,87397.0
IAH → DTW,5704,81.16,15.51,87295.0
DFW → MAF,6076,77.92,14.7,87234.0
DEN → SAT,6206,76.98,14.18,87157.0
LGA → IND,5656,80.28,15.82,87129.0
SAN → OAK,6766,76.32,13.04,87033.0
BNA → MCO,6184,79.39,14.31,87028.0
DEN → ABQ,5966,76.68,14.66,86833.0
DEN → BOI,5809,75.75,15.06,86761.0
PDX → LAS,7355,81.5,11.92,86629.0
AUS → BNA,6082,79.04,14.32,86424.0
HNL → SEA,5908,78.41,14.82,86331.0
OKC → IAH,5084,81.43,17.32,86185.0
BOS → DTW,5556,78.92,15.67,85989.0
ATL → ORF,5351,75.25,16.28,85913.0
TPA → BWI,6047,80.17,14.52,85868.0
MDW → MSP,5554,78.21,15.58,85850.0
DCA → PVD,5087,77.61,17.33,85515.0
SFO → BUR,6434,79.33,13.46,85451.0
DTW → IAH,5704,78.98,15.18,85283.0
SEA → BOS,5071,74.31,16.96,85085.0
DFW → SNA,5728,77.63,15.27,85044.0
SMF → DEN,7915,83.32,10.86,84996.0
PHL → LAX,5103,77.3,16.8,84841.0
ORD → BWI,5280,76.6,16.27,84409.0
IAD → SFO,5629,79.0,15.13,84221.0
SNA → DEN,7324,82.95,11.57,84025.0
PHX → SMF,7379,81.07,11.4,83862.0
SNA → SEA,7912,84.26,10.73,83731.0
ABQ → PHX,6635,82.78,12.67,83690.0
JFK → DCA,5041,76.69,17.31,83474.0
FLL → DTW,5187,78.38,16.25,83393.0
DAL → PHX,6065,77.73,13.97,83209.0
LAX → PDX,9115,86.38,9.21,83124.0
MDW → MCO,5687,77.79,14.9,82835.0
CAE → CLT,5640,81.55,14.9,82788.0
SLC → LAX,8595,84.98,9.66,82695.0
LGA → CMH,6332,82.51,13.35,82558.0
DEN → BWI,6213,76.6,13.47,82523.0
LAX → PHL,5103,79.59,16.32,82283.0
CLT → GSO,5958,81.34,13.92,81687.0
DEN → IND,5228,75.4,15.7,81468.0
ATL → SAT,6083,78.32,13.52,81355.0
SAT → DEN,6151,82.58,13.33,81298.0
DTW → DEN,5993,79.13,13.67,81092.0
DTW → FLL,5175,77.13,15.87,81089.0
DTW → LAS,6289,79.87,12.96,81069.0
TUS → PHX,6593,84.98,12.34,80999.0
DEN → TUS,5461,76.71,14.93,80978.0
ATL → SEA,6788,80.34,12.06,80936.0
SAT → IAH,5804,82.79,14.28,80884.0
ORD → RSW,5622,80.2,14.58,80376.0
LAS → DTW,6291,82.76,12.85,80248.0
ORF → ATL,5350,81.72,15.22,80220.0
PHX → MSP,6662,83.72,12.06,79790.0
ATL → MCI,6575,80.38,12.28,79755.0
BNA → ATL,7799,85.66,10.33,79691.0
CHA → ATL,5282,83.69,15.21,79465.0
BUR → PHX,6332,85.23,12.68,79408.0
CMH → LGA,6335,82.05,12.89,79331.0
LAX → TUS,5136,80.56,15.49,79285.0
DEN → HOU,5105,74.3,15.7,78838.0
LAS → DAL,5881,76.12,13.62,78747.0
ATL → RIC,5833,78.49,13.64,78691.0
ONT → DEN,5702,81.62,13.92,78594.0
DEN → SNA,7326,79.82,10.83,78548.0
PHX → ONT,6472,80.16,12.18,78411.0
PDX → LAX,9110,88.21,8.69,78344.0
DEN → RNO,5117,75.28,15.42,78031.0
MSP → CLT,5088,79.88,15.51,78016.0
ATL → STL,7047,81.75,11.17,77837.0
PHX → SAT,5253,79.08,14.87,77589.0
BNA → AUS,6092,80.3,12.82,77498.0
EWR → PIT,5162,80.66,15.7,77437.0
DFW → SGF,6121,78.83,12.95,77409.0
DAL → LAS,5868,78.22,13.35,77332.0
ONT → PHX,6480,84.57,11.99,77245.0
ATL → HOU,6264,80.54,12.48,77172.0
RSW → ATL,6225,85.83,12.6,77076.0
MDW → PHX,5957,77.74,13.08,76832.0
ATL → MEM,6702,82.3,11.59,76710.0
SEA → SLC,8136,83.29,9.49,76589.0
ATL → CMH,6359,80.86,12.1,76293.0
CLE → ATL,6349,84.44,12.15,76064.0
DEN → BZN,5547,78.37,13.81,75987.0
ATL → IND,6575,81.95,11.66,75981.0
HNL → ITO,12768,88.46,5.97,75626.0
PHX → ABQ,6627,81.98,11.38,75139.0
IND → ATL,6587,85.95,11.53,75106.0
SAT → ATL,6117,84.08,12.42,74950.0
STL → ATL,7102,85.22,10.66,74803.0
BOS → SEA,5072,76.41,14.91,74777.0
PHX → BUR,6322,80.64,11.89,74232.0
LAX → CLT,5496,84.03,13.64,74142.0
TYS → ATL,5485,86.4,13.67,73943.0
ITO → HNL,12765,88.93,5.83,73852.0
DCA → JFK,5009,79.03,15.37,73830.0
MDW → LAS,5726,78.64,13.07,73820.0
BOI → DEN,5799,82.67,12.83,73664.0
ATL → TYS,5485,81.09,13.57,73407.0
MCI → PHX,5089,81.63,14.41,72630.0
PIT → EWR,5170,82.63,14.46,71952.0
CLT → MSP,5090,79.49,14.26,71828.0
CLT → CAE,5643,82.95,12.88,71499.0
ATL → CVG,5783,82.15,12.51,71488.0
SAT → PHX,5267,83.47,13.49,70617.0
PHX → SJC,6385,81.71,11.05,70342.0
SEA → SNA,7917,84.79,8.98,70296.0
TUS → DEN,5459,82.52,12.98,70221.0
CMH → ATL,6357,85.8,11.15,70166.0
PHX → DAL,6072,80.05,11.78,70004.0
SEA → OAK,5435,75.68,12.92,69696.0
RDM → SEA,5575,81.21,12.69,69605.0
ABQ → DEN,5966,82.64,11.8,69595.0
SFO → IAD,5633,81.93,12.48,69533.0
LAS → MDW,5739,79.0,12.28,69484.0
ATL → CHA,5283,81.63,13.18,68878.0
SJC → PHX,6408,85.21,10.79,68837.0
LAS → ONT,5309,78.68,13.03,68700.0
HOU → DEN,5114,79.32,13.61,68488.0
ATL → BHM,6053,83.05,11.42,68189.0
MCI → ATL,6549,87.17,10.53,68144.0
IND → DEN,5204,79.67,13.14,67621.0
PHX → MDW,5932,79.62,11.5,67296.0
LAX → SLC,8594,88.69,7.86,67258.0
ATL → SLC,5928,82.43,11.41,67238.0
IND → LGA,5667,84.04,12.16,67102.0
MEM → ATL,6701,87.78,10.13,66996.0
MKE → DEN,5134,81.77,13.12,66699.0
ATL → CHS,5937,81.88,11.3,66254.0
SLC → SAN,5389,80.78,12.37,66161.0
SJC → DEN,6055,83.39,11.0,66092.0
CLT → CHO,5084,84.66,13.15,65904.0
SFO → IAH,6598,84.56,10.11,65614.0
DTW → LAX,5463,81.94,12.1,65520.0
SAN → SLC,5384,82.71,12.17,65208.0
ATL → SAV,5726,81.15,11.55,65190.0
CHO → CLT,5084,86.54,12.96,65096.0
RNO → DEN,5112,83.69,12.79,64667.0
IAD → LAX,5053,81.86,12.93,64578.0
DAL → SAT,5504,80.79,11.83,64286.0
PHX → TUS,6598,85.84,9.77,64121.0
TUS → LAX,5135,84.21,12.48,63837.0
CVG → ATL,5783,86.08,11.17,63837.0
ATL → PIT,5657,82.51,11.4,63685.0
PHX → MCI,5080,79.84,12.66,63522.0
SLC → ATL,5939,84.68,10.77,63450.0
ELP → PHX,5266,84.07,12.13,63428.0
BHM → ATL,6052,88.28,10.54,62961.0
RIC → ATL,5833,85.96,10.91,62942.0
ATL → JAN,5474,83.02,11.59,62680.0
OAK → SEA,5434,77.75,11.59,62536.0
PHX → ELP,5292,82.23,11.81,62160.0
MSP → MDW,5589,82.32,11.25,62079.0
ATL → PNS,5322,81.93,11.78,61791.0
JAN → ATL,5475,86.31,11.41,61684.0
ATL → SDF,5667,83.03,10.9,60991.0
LAX → DTW,5464,84.22,11.26,60859.0
ATL → GSP,5953,83.55,10.3,60716.0
SAT → DAL,5498,82.93,11.08,59983.0
SDF → ATL,5667,88.24,10.72,59982.0
CHS → ATL,5934,87.12,10.22,59861.0
RNO → LAX,5897,85.99,10.11,59151.0
ATL → HSV,5153,83.42,11.53,58623.0
PHX → CLT,5976,85.88,9.65,57286.0
SAV → ATL,5724,86.49,10.09,56974.0
OAK → BUR,6311,84.89,8.93,55462.0
HSV → ATL,5152,87.34,10.85,55209.0
ATL → GSO,5242,83.18,10.65,55136.0
LAX → RNO,5901,86.01,9.22,53849.0
BUR → OAK,6305,86.65,8.55,53065.0
SEA → RDM,5578,82.6,9.68,53001.0
SEA → PSC,5465,81.91,9.75,52814.0
MSP → SEA,5444,84.15,9.66,52158.0
GSP → ATL,5953,89.49,8.75,51528.0
SMF → BUR,5539,84.17,9.47,51464.0
EUG → SEA,5063,84.36,10.25,51269.0
LAS → MSP,5153,85.03,9.97,50897.0
MSP → LAS,5142,83.03,9.94,50703.0
GSO → ATL,5241,89.0,9.68,50102.0
SEA → ONT,5211,82.19,9.73,49992.0
OAK → LAX,5638,84.43,8.91,49786.0
PDX → SJC,5842,85.59,8.56,49693.0
ONT → SEA,5209,85.81,9.61,49367.0
PNS → ATL,5320,89.97,9.35,49054.0
PIT → ATL,5656,88.03,8.79,48995.0
PSC → SEA,5463,86.15,9.04,48945.0
SJC → PDX,5830,87.09,8.33,48261.0
LAX → OAK,5599,84.64,8.65,48042.0
SEA → MSP,5441,84.84,8.87,47923.0
SEA → EUG,5066,82.55,9.55,47846.0
SMF → PDX,5032,84.82,8.88,44395.0
BUR → SMF,5520,86.35,8.0,43519.0
LAX → IAD,5058,85.86,8.58,42902.0
PDX → SMF,5031,85.24,8.58,42900.0
FAI → ANC,5351,87.4,7.88,41287.0
ANC → FAI,5352,86.79,7.85,41263.0
SNA → OAK,5225,86.28,7.71,39903.0
SNA → SJC,5337,87.26,6.84,36200.0
SJC → SNA,5355,87.47,6.43,34043.0
OAK → SNA,5230,87.22,6.51,33763.0
